title;description;tagList;link;infographicCode;template;UF;posição;TT buscas no ano;posição rel;img URL;TT natal;TT dia das mães;TT ano novo;TT dia dos namorados;TT buscas no ano;TT dia do amigo
Semana da Mulher: AC é 4º estado em busca por inspiração;Estudo do MegaFrases mostra que, com 62,2 mil de buscas por ano, o estado de AC é o 4º a mais realizar buscas por mensagens de inspiração no Google.;MegaFrases, Dia da Mulher, AC;https://megafrases.com.br/datas-comemorativas-inspiradoras/;"<div class=""infogram-embed"" data-id=""_/ShHI55uZCSVkEsBxsm8k"" data-type=""interactive"" data-title=""MensagensComemorativas - MegaFrases""></div><script>!function(e,i,n,s){var t=""InfogramEmbeds"",d=e.getElementsByTagName(""script"")[0];if(window[t]&&window[t].initialized)window[t].process&&window[t].process();else if(!e.getElementById(n)){var o=e.createElement(""script"");o.async=1,o.id=n,o.src=""https://e.infogram.com/js/dist/embed-loader-min.js"",d.parentNode.insertBefore(o,d)}}(document,0,""infogram-async"");</script><div style=""padding:8px 0;font-family:Arial!important;font-size:13px!important;line-height:15px!important;text-align:center;border-top:1px solid #dadada;margin:0 30px""><a href=""https://infogram.com/78a0d1e6-5069-48b0-983c-320cb3b2dd0a"" style=""color:#989898!important;text-decoration:none!important;"" target=""_blank"">MensagensComemorativas - MegaFrases</a><br><a href=""https://megafrases.com.br"" style=""color:#989898!important;text-decoration:none!important;"" target=""_blank"" rel=""follow"">MegaFrases</a></div>";"Análise criada pelo time do site [MegaFrases](https://megafrases.com.br/) mostra que o estado de **{UF}** é o **{posição}**, em termos absolutos, e o **{posição rel}**, em termos relativos (buscas/ 100 mil hab.), a mais buscar por mensagens de inspiração para o Dia da Mulher.

Apesar de contar com cerca de {TT buscas no ano} de buscas por ano relacionadas ao Dia da Mulher, tais como “mensagem para dia da mulher”, “texto para Dia da Mulher” e afins, o número ainda é bastante aquém de outras datas como Natal, Dia das Mães e Ano Novo. Abaixo e no [infográfico interativo](https://megafrases.com.br/datas-comemorativas-inspiradoras/#infografico-interativo) é possível visualizar breve comparação com outras datas comemorativas que também inspiram muitas mensagens:
- **Natal:** {TT natal}
- **Dia das Mães:** {TT dia das mães}
- **Ano Novo:** {TT ano novo}
- **Dia dos Namorados:** {TT dia dos namorados}
- **Dia da Mulher:** {TT buscas no ano}
- **Dia do Amigo:** {TT dia do amigo}

Abaixo, imagem breve comparação do número de buscas por mensagens de inspiração de {UF} em relação a outros estados:

![buscas por mensagens de Dia da Mulher em {UF}]({img URL})

Abaixo, ranking de buscas em números relativos (buscas por 100 mil hab.):
- 1º lugar: RR - 9,3 mil/100mil hab. - 58,8 mil/ano
- 2º lugar: AP - 8,4 mil/100mil hab. - 72,7 mil/ano
- 3º lugar: TO - 7,2 mil/100mil hab. - 114,7 mil/ano
- 4º lugar: AC - 6,9 mil/100mil hab. - 62,2 mil/ano
- 5º lugar: RO - 6,1 mil/100mil hab. - 109,6 mil/ano
- 6º lugar: SE - 5,9 mil/100mil hab. - 137,2 mil/ano
- 7º lugar: DF - 5,9 mil/100mil hab. - 179,4 mil/ano
- 8º lugar: SC - 5,7 mil/100mil hab. - 412,7 mil/ano
- 9º lugar: MT - 5,5 mil/100mil hab. - 194,5 mil/ano
- 10º lugar: RS - 5,4 mil/100mil hab. - 618,7 mil/ano
- 11º lugar: AL - 5,2 mil/100mil hab. - 175,8 mil/ano
- 12º lugar: MS - 5,2 mil/100mil hab. - 147,1 mil/ano
- 13º lugar: PI - 5,2 mil/100mil hab. - 170,3 mil/ano
- 14º lugar: CE - 5,1 mil/100mil hab. - 471,5 mil/ano
- 15º lugar: GO - 5,1 mil/100mil hab. - 360,1 mil/ano
- 16º lugar: PB - 5,0 mil/100mil hab. - 201,5 mil/ano
- 17º lugar: RN - 4,9 mil/100mil hab. - 173,0 mil/ano
- 18º lugar: ES - 4,6 mil/100mil hab. - 185,0 mil/ano
- 19º lugar: PE - 4,2 mil/100mil hab. - 406,0 mil/ano
- 20º lugar: PR - 4,2 mil/100mil hab. - 478,2 mil/ano
- 21º lugar: AM - 4,0 mil/100mil hab. - 166,7 mil/ano
- 22º lugar: BA - 3,9 mil/100mil hab. - 583,4 mil/ano
- 23º lugar: MG - 3,8 mil/100mil hab. - 799,8 mil/ano
- 24º lugar: MA - 3,7 mil/100mil hab. - 264,4 mil/ano
- 25º lugar: RJ - 3,6 mil/100mil hab. - 625,4 mil/ano
- 26º lugar: SP - 3,6 mil/100mil hab. - 1,64 milhão/ano
- 27º lugar: PA - 3,3 mil/100mil hab. - 286,2 mil/ano

Fonte: [megafrases.com.br](http://megafrases.com.br/)

*Este texto pode ser reproduzido livremente desde que a fonte seja referenciada.*";AC;26º;62,2 mil;4º;https://mcusercontent.com/3178766b7712c5a8ac37978e6/images/3c45b151-6037-47c5-812b-6e5cd56a38db.png;255,5 mil;166,0 mil;130,8 mil;154,0 mil;62,2 mil;59,6 mil
Semana da Mulher: AL é 11º estado em busca por inspiração;Estudo do MegaFrases mostra que, com 175,8 mil de buscas por ano, o estado de AL é o 11º a mais realizar buscas por mensagens de inspiração no Google.;MegaFrases, Dia da Mulher, AL;https://megafrases.com.br/datas-comemorativas-inspiradoras/;"<div class=""infogram-embed"" data-id=""_/ShHI55uZCSVkEsBxsm8k"" data-type=""interactive"" data-title=""MensagensComemorativas - MegaFrases""></div><script>!function(e,i,n,s){var t=""InfogramEmbeds"",d=e.getElementsByTagName(""script"")[0];if(window[t]&&window[t].initialized)window[t].process&&window[t].process();else if(!e.getElementById(n)){var o=e.createElement(""script"");o.async=1,o.id=n,o.src=""https://e.infogram.com/js/dist/embed-loader-min.js"",d.parentNode.insertBefore(o,d)}}(document,0,""infogram-async"");</script><div style=""padding:8px 0;font-family:Arial!important;font-size:13px!important;line-height:15px!important;text-align:center;border-top:1px solid #dadada;margin:0 30px""><a href=""https://infogram.com/78a0d1e6-5069-48b0-983c-320cb3b2dd0a"" style=""color:#989898!important;text-decoration:none!important;"" target=""_blank"">MensagensComemorativas - MegaFrases</a><br><a href=""https://megafrases.com.br"" style=""color:#989898!important;text-decoration:none!important;"" target=""_blank"" rel=""follow"">MegaFrases</a></div>";"Análise criada pelo time do site [MegaFrases](https://megafrases.com.br/) mostra que o estado de **{UF}** é o **{posição}**, em termos absolutos, e o **{posição rel}**, em termos relativos (buscas/ 100 mil hab.), a mais buscar por mensagens de inspiração para o Dia da Mulher.

Apesar de contar com cerca de {TT buscas no ano} de buscas por ano relacionadas ao Dia da Mulher, tais como “mensagem para dia da mulher”, “texto para Dia da Mulher” e afins, o número ainda é bastante aquém de outras datas como Natal, Dia das Mães e Ano Novo. Abaixo e no [infográfico interativo](https://megafrases.com.br/datas-comemorativas-inspiradoras/#infografico-interativo) é possível visualizar breve comparação com outras datas comemorativas que também inspiram muitas mensagens:
- **Natal:** {TT natal}
- **Dia das Mães:** {TT dia das mães}
- **Ano Novo:** {TT ano novo}
- **Dia dos Namorados:** {TT dia dos namorados}
- **Dia da Mulher:** {TT buscas no ano}
- **Dia do Amigo:** {TT dia do amigo}

Abaixo, imagem breve comparação do número de buscas por mensagens de inspiração de {UF} em relação a outros estados:

![buscas por mensagens de Dia da Mulher em {UF}]({img URL})

Abaixo, ranking de buscas em números relativos (buscas por 100 mil hab.):
- 1º lugar: RR - 9,3 mil/100mil hab. - 58,8 mil/ano
- 2º lugar: AP - 8,4 mil/100mil hab. - 72,7 mil/ano
- 3º lugar: TO - 7,2 mil/100mil hab. - 114,7 mil/ano
- 4º lugar: AC - 6,9 mil/100mil hab. - 62,2 mil/ano
- 5º lugar: RO - 6,1 mil/100mil hab. - 109,6 mil/ano
- 6º lugar: SE - 5,9 mil/100mil hab. - 137,2 mil/ano
- 7º lugar: DF - 5,9 mil/100mil hab. - 179,4 mil/ano
- 8º lugar: SC - 5,7 mil/100mil hab. - 412,7 mil/ano
- 9º lugar: MT - 5,5 mil/100mil hab. - 194,5 mil/ano
- 10º lugar: RS - 5,4 mil/100mil hab. - 618,7 mil/ano
- 11º lugar: AL - 5,2 mil/100mil hab. - 175,8 mil/ano
- 12º lugar: MS - 5,2 mil/100mil hab. - 147,1 mil/ano
- 13º lugar: PI - 5,2 mil/100mil hab. - 170,3 mil/ano
- 14º lugar: CE - 5,1 mil/100mil hab. - 471,5 mil/ano
- 15º lugar: GO - 5,1 mil/100mil hab. - 360,1 mil/ano
- 16º lugar: PB - 5,0 mil/100mil hab. - 201,5 mil/ano
- 17º lugar: RN - 4,9 mil/100mil hab. - 173,0 mil/ano
- 18º lugar: ES - 4,6 mil/100mil hab. - 185,0 mil/ano
- 19º lugar: PE - 4,2 mil/100mil hab. - 406,0 mil/ano
- 20º lugar: PR - 4,2 mil/100mil hab. - 478,2 mil/ano
- 21º lugar: AM - 4,0 mil/100mil hab. - 166,7 mil/ano
- 22º lugar: BA - 3,9 mil/100mil hab. - 583,4 mil/ano
- 23º lugar: MG - 3,8 mil/100mil hab. - 799,8 mil/ano
- 24º lugar: MA - 3,7 mil/100mil hab. - 264,4 mil/ano
- 25º lugar: RJ - 3,6 mil/100mil hab. - 625,4 mil/ano
- 26º lugar: SP - 3,6 mil/100mil hab. - 1,64 milhão/ano
- 27º lugar: PA - 3,3 mil/100mil hab. - 286,2 mil/ano

Fonte: [megafrases.com.br](http://megafrases.com.br/)

*Este texto pode ser reproduzido livremente desde que a fonte seja referenciada.*";AL;17º;175,8 mil;11º;https://mcusercontent.com/3178766b7712c5a8ac37978e6/images/3be94d11-518b-4b09-bd90-aaa4a5cc9337.png;804,8 mil;473,9 mil;341,3 mil;363,5 mil;175,8 mil;140,2 mil
Semana da Mulher: AM é 21º estado em busca por inspiração;Estudo do MegaFrases mostra que, com 166,7 mil de buscas por ano, o estado de AM é o 21º a mais realizar buscas por mensagens de inspiração no Google.;MegaFrases, Dia da Mulher, AM;https://megafrases.com.br/datas-comemorativas-inspiradoras/;"<div class=""infogram-embed"" data-id=""_/ShHI55uZCSVkEsBxsm8k"" data-type=""interactive"" data-title=""MensagensComemorativas - MegaFrases""></div><script>!function(e,i,n,s){var t=""InfogramEmbeds"",d=e.getElementsByTagName(""script"")[0];if(window[t]&&window[t].initialized)window[t].process&&window[t].process();else if(!e.getElementById(n)){var o=e.createElement(""script"");o.async=1,o.id=n,o.src=""https://e.infogram.com/js/dist/embed-loader-min.js"",d.parentNode.insertBefore(o,d)}}(document,0,""infogram-async"");</script><div style=""padding:8px 0;font-family:Arial!important;font-size:13px!important;line-height:15px!important;text-align:center;border-top:1px solid #dadada;margin:0 30px""><a href=""https://infogram.com/78a0d1e6-5069-48b0-983c-320cb3b2dd0a"" style=""color:#989898!important;text-decoration:none!important;"" target=""_blank"">MensagensComemorativas - MegaFrases</a><br><a href=""https://megafrases.com.br"" style=""color:#989898!important;text-decoration:none!important;"" target=""_blank"" rel=""follow"">MegaFrases</a></div>";"Análise criada pelo time do site [MegaFrases](https://megafrases.com.br/) mostra que o estado de **{UF}** é o **{posição}**, em termos absolutos, e o **{posição rel}**, em termos relativos (buscas/ 100 mil hab.), a mais buscar por mensagens de inspiração para o Dia da Mulher.

Apesar de contar com cerca de {TT buscas no ano} de buscas por ano relacionadas ao Dia da Mulher, tais como “mensagem para dia da mulher”, “texto para Dia da Mulher” e afins, o número ainda é bastante aquém de outras datas como Natal, Dia das Mães e Ano Novo. Abaixo e no [infográfico interativo](https://megafrases.com.br/datas-comemorativas-inspiradoras/#infografico-interativo) é possível visualizar breve comparação com outras datas comemorativas que também inspiram muitas mensagens:
- **Natal:** {TT natal}
- **Dia das Mães:** {TT dia das mães}
- **Ano Novo:** {TT ano novo}
- **Dia dos Namorados:** {TT dia dos namorados}
- **Dia da Mulher:** {TT buscas no ano}
- **Dia do Amigo:** {TT dia do amigo}

Abaixo, imagem breve comparação do número de buscas por mensagens de inspiração de {UF} em relação a outros estados:

![buscas por mensagens de Dia da Mulher em {UF}]({img URL})

Abaixo, ranking de buscas em números relativos (buscas por 100 mil hab.):
- 1º lugar: RR - 9,3 mil/100mil hab. - 58,8 mil/ano
- 2º lugar: AP - 8,4 mil/100mil hab. - 72,7 mil/ano
- 3º lugar: TO - 7,2 mil/100mil hab. - 114,7 mil/ano
- 4º lugar: AC - 6,9 mil/100mil hab. - 62,2 mil/ano
- 5º lugar: RO - 6,1 mil/100mil hab. - 109,6 mil/ano
- 6º lugar: SE - 5,9 mil/100mil hab. - 137,2 mil/ano
- 7º lugar: DF - 5,9 mil/100mil hab. - 179,4 mil/ano
- 8º lugar: SC - 5,7 mil/100mil hab. - 412,7 mil/ano
- 9º lugar: MT - 5,5 mil/100mil hab. - 194,5 mil/ano
- 10º lugar: RS - 5,4 mil/100mil hab. - 618,7 mil/ano
- 11º lugar: AL - 5,2 mil/100mil hab. - 175,8 mil/ano
- 12º lugar: MS - 5,2 mil/100mil hab. - 147,1 mil/ano
- 13º lugar: PI - 5,2 mil/100mil hab. - 170,3 mil/ano
- 14º lugar: CE - 5,1 mil/100mil hab. - 471,5 mil/ano
- 15º lugar: GO - 5,1 mil/100mil hab. - 360,1 mil/ano
- 16º lugar: PB - 5,0 mil/100mil hab. - 201,5 mil/ano
- 17º lugar: RN - 4,9 mil/100mil hab. - 173,0 mil/ano
- 18º lugar: ES - 4,6 mil/100mil hab. - 185,0 mil/ano
- 19º lugar: PE - 4,2 mil/100mil hab. - 406,0 mil/ano
- 20º lugar: PR - 4,2 mil/100mil hab. - 478,2 mil/ano
- 21º lugar: AM - 4,0 mil/100mil hab. - 166,7 mil/ano
- 22º lugar: BA - 3,9 mil/100mil hab. - 583,4 mil/ano
- 23º lugar: MG - 3,8 mil/100mil hab. - 799,8 mil/ano
- 24º lugar: MA - 3,7 mil/100mil hab. - 264,4 mil/ano
- 25º lugar: RJ - 3,6 mil/100mil hab. - 625,4 mil/ano
- 26º lugar: SP - 3,6 mil/100mil hab. - 1,64 milhão/ano
- 27º lugar: PA - 3,3 mil/100mil hab. - 286,2 mil/ano

Fonte: [megafrases.com.br](http://megafrases.com.br/)

*Este texto pode ser reproduzido livremente desde que a fonte seja referenciada.*";AM;20º;166,7 mil;21º;https://mcusercontent.com/3178766b7712c5a8ac37978e6/images/793e81d1-0b37-4615-bbdf-a0160199f7c7.png;725,3 mil;469,6 mil;325,0 mil;323,0 mil;166,7 mil;129,2 mil
Semana da Mulher: AP é 2º estado em busca por inspiração;Estudo do MegaFrases mostra que, com 72,7 mil de buscas por ano, o estado de AP é o 2º a mais realizar buscas por mensagens de inspiração no Google.;MegaFrases, Dia da Mulher, AP;https://megafrases.com.br/datas-comemorativas-inspiradoras/;"<div class=""infogram-embed"" data-id=""_/ShHI55uZCSVkEsBxsm8k"" data-type=""interactive"" data-title=""MensagensComemorativas - MegaFrases""></div><script>!function(e,i,n,s){var t=""InfogramEmbeds"",d=e.getElementsByTagName(""script"")[0];if(window[t]&&window[t].initialized)window[t].process&&window[t].process();else if(!e.getElementById(n)){var o=e.createElement(""script"");o.async=1,o.id=n,o.src=""https://e.infogram.com/js/dist/embed-loader-min.js"",d.parentNode.insertBefore(o,d)}}(document,0,""infogram-async"");</script><div style=""padding:8px 0;font-family:Arial!important;font-size:13px!important;line-height:15px!important;text-align:center;border-top:1px solid #dadada;margin:0 30px""><a href=""https://infogram.com/78a0d1e6-5069-48b0-983c-320cb3b2dd0a"" style=""color:#989898!important;text-decoration:none!important;"" target=""_blank"">MensagensComemorativas - MegaFrases</a><br><a href=""https://megafrases.com.br"" style=""color:#989898!important;text-decoration:none!important;"" target=""_blank"" rel=""follow"">MegaFrases</a></div>";"Análise criada pelo time do site [MegaFrases](https://megafrases.com.br/) mostra que o estado de **{UF}** é o **{posição}**, em termos absolutos, e o **{posição rel}**, em termos relativos (buscas/ 100 mil hab.), a mais buscar por mensagens de inspiração para o Dia da Mulher.

Apesar de contar com cerca de {TT buscas no ano} de buscas por ano relacionadas ao Dia da Mulher, tais como “mensagem para dia da mulher”, “texto para Dia da Mulher” e afins, o número ainda é bastante aquém de outras datas como Natal, Dia das Mães e Ano Novo. Abaixo e no [infográfico interativo](https://megafrases.com.br/datas-comemorativas-inspiradoras/#infografico-interativo) é possível visualizar breve comparação com outras datas comemorativas que também inspiram muitas mensagens:
- **Natal:** {TT natal}
- **Dia das Mães:** {TT dia das mães}
- **Ano Novo:** {TT ano novo}
- **Dia dos Namorados:** {TT dia dos namorados}
- **Dia da Mulher:** {TT buscas no ano}
- **Dia do Amigo:** {TT dia do amigo}

Abaixo, imagem breve comparação do número de buscas por mensagens de inspiração de {UF} em relação a outros estados:

![buscas por mensagens de Dia da Mulher em {UF}]({img URL})

Abaixo, ranking de buscas em números relativos (buscas por 100 mil hab.):
- 1º lugar: RR - 9,3 mil/100mil hab. - 58,8 mil/ano
- 2º lugar: AP - 8,4 mil/100mil hab. - 72,7 mil/ano
- 3º lugar: TO - 7,2 mil/100mil hab. - 114,7 mil/ano
- 4º lugar: AC - 6,9 mil/100mil hab. - 62,2 mil/ano
- 5º lugar: RO - 6,1 mil/100mil hab. - 109,6 mil/ano
- 6º lugar: SE - 5,9 mil/100mil hab. - 137,2 mil/ano
- 7º lugar: DF - 5,9 mil/100mil hab. - 179,4 mil/ano
- 8º lugar: SC - 5,7 mil/100mil hab. - 412,7 mil/ano
- 9º lugar: MT - 5,5 mil/100mil hab. - 194,5 mil/ano
- 10º lugar: RS - 5,4 mil/100mil hab. - 618,7 mil/ano
- 11º lugar: AL - 5,2 mil/100mil hab. - 175,8 mil/ano
- 12º lugar: MS - 5,2 mil/100mil hab. - 147,1 mil/ano
- 13º lugar: PI - 5,2 mil/100mil hab. - 170,3 mil/ano
- 14º lugar: CE - 5,1 mil/100mil hab. - 471,5 mil/ano
- 15º lugar: GO - 5,1 mil/100mil hab. - 360,1 mil/ano
- 16º lugar: PB - 5,0 mil/100mil hab. - 201,5 mil/ano
- 17º lugar: RN - 4,9 mil/100mil hab. - 173,0 mil/ano
- 18º lugar: ES - 4,6 mil/100mil hab. - 185,0 mil/ano
- 19º lugar: PE - 4,2 mil/100mil hab. - 406,0 mil/ano
- 20º lugar: PR - 4,2 mil/100mil hab. - 478,2 mil/ano
- 21º lugar: AM - 4,0 mil/100mil hab. - 166,7 mil/ano
- 22º lugar: BA - 3,9 mil/100mil hab. - 583,4 mil/ano
- 23º lugar: MG - 3,8 mil/100mil hab. - 799,8 mil/ano
- 24º lugar: MA - 3,7 mil/100mil hab. - 264,4 mil/ano
- 25º lugar: RJ - 3,6 mil/100mil hab. - 625,4 mil/ano
- 26º lugar: SP - 3,6 mil/100mil hab. - 1,64 milhão/ano
- 27º lugar: PA - 3,3 mil/100mil hab. - 286,2 mil/ano

Fonte: [megafrases.com.br](http://megafrases.com.br/)

*Este texto pode ser reproduzido livremente desde que a fonte seja referenciada.*";AP;25º;72,7 mil;2º;https://mcusercontent.com/3178766b7712c5a8ac37978e6/images/3eec688c-d61d-45e4-acf0-21db0e365b78.png;277,1 mil;185,9 mil;139,2 mil;161,4 mil;72,7 mil;64,3 mil
Semana da Mulher: BA é 22º estado em busca por inspiração;Estudo do MegaFrases mostra que, com 583,4 mil de buscas por ano, o estado de BA é o 22º a mais realizar buscas por mensagens de inspiração no Google.;MegaFrases, Dia da Mulher, BA;https://megafrases.com.br/datas-comemorativas-inspiradoras/;"<div class=""infogram-embed"" data-id=""_/ShHI55uZCSVkEsBxsm8k"" data-type=""interactive"" data-title=""MensagensComemorativas - MegaFrases""></div><script>!function(e,i,n,s){var t=""InfogramEmbeds"",d=e.getElementsByTagName(""script"")[0];if(window[t]&&window[t].initialized)window[t].process&&window[t].process();else if(!e.getElementById(n)){var o=e.createElement(""script"");o.async=1,o.id=n,o.src=""https://e.infogram.com/js/dist/embed-loader-min.js"",d.parentNode.insertBefore(o,d)}}(document,0,""infogram-async"");</script><div style=""padding:8px 0;font-family:Arial!important;font-size:13px!important;line-height:15px!important;text-align:center;border-top:1px solid #dadada;margin:0 30px""><a href=""https://infogram.com/78a0d1e6-5069-48b0-983c-320cb3b2dd0a"" style=""color:#989898!important;text-decoration:none!important;"" target=""_blank"">MensagensComemorativas - MegaFrases</a><br><a href=""https://megafrases.com.br"" style=""color:#989898!important;text-decoration:none!important;"" target=""_blank"" rel=""follow"">MegaFrases</a></div>";"Análise criada pelo time do site [MegaFrases](https://megafrases.com.br/) mostra que o estado de **{UF}** é o **{posição}**, em termos absolutos, e o **{posição rel}**, em termos relativos (buscas/ 100 mil hab.), a mais buscar por mensagens de inspiração para o Dia da Mulher.

Apesar de contar com cerca de {TT buscas no ano} de buscas por ano relacionadas ao Dia da Mulher, tais como “mensagem para dia da mulher”, “texto para Dia da Mulher” e afins, o número ainda é bastante aquém de outras datas como Natal, Dia das Mães e Ano Novo. Abaixo e no [infográfico interativo](https://megafrases.com.br/datas-comemorativas-inspiradoras/#infografico-interativo) é possível visualizar breve comparação com outras datas comemorativas que também inspiram muitas mensagens:
- **Natal:** {TT natal}
- **Dia das Mães:** {TT dia das mães}
- **Ano Novo:** {TT ano novo}
- **Dia dos Namorados:** {TT dia dos namorados}
- **Dia da Mulher:** {TT buscas no ano}
- **Dia do Amigo:** {TT dia do amigo}

Abaixo, imagem breve comparação do número de buscas por mensagens de inspiração de {UF} em relação a outros estados:

![buscas por mensagens de Dia da Mulher em {UF}]({img URL})

Abaixo, ranking de buscas em números relativos (buscas por 100 mil hab.):
- 1º lugar: RR - 9,3 mil/100mil hab. - 58,8 mil/ano
- 2º lugar: AP - 8,4 mil/100mil hab. - 72,7 mil/ano
- 3º lugar: TO - 7,2 mil/100mil hab. - 114,7 mil/ano
- 4º lugar: AC - 6,9 mil/100mil hab. - 62,2 mil/ano
- 5º lugar: RO - 6,1 mil/100mil hab. - 109,6 mil/ano
- 6º lugar: SE - 5,9 mil/100mil hab. - 137,2 mil/ano
- 7º lugar: DF - 5,9 mil/100mil hab. - 179,4 mil/ano
- 8º lugar: SC - 5,7 mil/100mil hab. - 412,7 mil/ano
- 9º lugar: MT - 5,5 mil/100mil hab. - 194,5 mil/ano
- 10º lugar: RS - 5,4 mil/100mil hab. - 618,7 mil/ano
- 11º lugar: AL - 5,2 mil/100mil hab. - 175,8 mil/ano
- 12º lugar: MS - 5,2 mil/100mil hab. - 147,1 mil/ano
- 13º lugar: PI - 5,2 mil/100mil hab. - 170,3 mil/ano
- 14º lugar: CE - 5,1 mil/100mil hab. - 471,5 mil/ano
- 15º lugar: GO - 5,1 mil/100mil hab. - 360,1 mil/ano
- 16º lugar: PB - 5,0 mil/100mil hab. - 201,5 mil/ano
- 17º lugar: RN - 4,9 mil/100mil hab. - 173,0 mil/ano
- 18º lugar: ES - 4,6 mil/100mil hab. - 185,0 mil/ano
- 19º lugar: PE - 4,2 mil/100mil hab. - 406,0 mil/ano
- 20º lugar: PR - 4,2 mil/100mil hab. - 478,2 mil/ano
- 21º lugar: AM - 4,0 mil/100mil hab. - 166,7 mil/ano
- 22º lugar: BA - 3,9 mil/100mil hab. - 583,4 mil/ano
- 23º lugar: MG - 3,8 mil/100mil hab. - 799,8 mil/ano
- 24º lugar: MA - 3,7 mil/100mil hab. - 264,4 mil/ano
- 25º lugar: RJ - 3,6 mil/100mil hab. - 625,4 mil/ano
- 26º lugar: SP - 3,6 mil/100mil hab. - 1,64 milhão/ano
- 27º lugar: PA - 3,3 mil/100mil hab. - 286,2 mil/ano

Fonte: [megafrases.com.br](http://megafrases.com.br/)

*Este texto pode ser reproduzido livremente desde que a fonte seja referenciada.*";BA;5º;583,4 mil;22º;https://mcusercontent.com/3178766b7712c5a8ac37978e6/images/d5530ef2-72cf-4b82-b4f6-e95dfa52a597.png;2,60 milhões;1,79 milhão;1,08 milhão;1,24 milhão;583,4 mil;403,9 mil
