title;description;tagList;link;infographicCode;template;variável 1;variável 2;variável 3
Um título interessante;Uma descrição relevante;tags, tags diferentes, temas;https://bonsinvestimentos.com.br/diminuicao-auxilio-emergencial/#infografico-interativo;"<div class=""infogram-embed"" data-id=""_/0qMwfo0bxeEEhQpdFsXP"" data-type=""interactive"" data-title=""AuxílioEmergencial-BonsInvestimentos""></div><script>!function(e,i,n,s){var t=""InfogramEmbeds"",d=e.getElementsByTagName(""script"")[0];if(window[t]&&window[t].initialized)window[t].process&&window[t].process();else if(!e.getElementById(n)){var o=e.createElement(""script"");o.async=1,o.id=n,o.src=""https://e.infogram.com/js/dist/embed-loader-min.js"",d.parentNode.insertBefore(o,d)}}(document,0,""infogram-async"");</script><div style=""padding:8px 0;font-family:Arial!important;font-size:13px!important;line-height:15px!important;text-align:center;border-top:1px solid #dadada;margin:0 30px""><a href=""https://infogram.com/45ee9e25-16a3-4f7a-b7c2-eff9cb454161"" style=""color:#989898!important;text-decoration:none!important;"" target=""_blank"">AuxílioEmergencial-BonsInvestimentos</a><br><a href=""https://infogram.com"" style=""color:#989898!important;text-decoration:none!important;"" target=""_blank"" rel=""nofollow"">Infogram</a></div>";"Cras tincidunt volutpat enim, quis ullamcorper metus consequat non. Praesent mi justo, viverra vitae eros in, rutrum feugiat neque. Pellentesque {variável 1} morbi tristique senectus et netus et malesuada fames ac turpis egestas. Morbi vulputate nulla tempus quam maximus, ac tincidunt mauris laoreet. Nam commodo tristique odio, {variável 2} rhoncus nunc scelerisque sit amet. Praesent hendrerit sem id ligula semper tincidunt. Donec quis scelerisque mi, a mattis lacus. Nunc id nibh eget elit volutpat semper eget ac elit. In pulvinar iaculis diam, nec finibus nisl vehicula non. Aliquam tellus lacus, blandit quis nunc at, imperdiet rhoncus **velit**.

- Item de lista
- Segundo item
- Terceiro item {variável 3}

Fonte: [anchor text](https://google.com.br/)
";DF;Brasília;62,50%
Outro título válido;Descrições variadas, com detalhes para aparecer ao leitor;tags, NomeDoCliente, outro;https://bonsinvestimentos.com.br/diminuicao-auxilio-emergencial/#infografico-interativo;"<div class=""infogram-embed"" data-id=""_/0qMwfo0bxeEEhQpdFsXP"" data-type=""interactive"" data-title=""AuxílioEmergencial-BonsInvestimentos""></div><script>!function(e,i,n,s){var t=""InfogramEmbeds"",d=e.getElementsByTagName(""script"")[0];if(window[t]&&window[t].initialized)window[t].process&&window[t].process();else if(!e.getElementById(n)){var o=e.createElement(""script"");o.async=1,o.id=n,o.src=""https://e.infogram.com/js/dist/embed-loader-min.js"",d.parentNode.insertBefore(o,d)}}(document,0,""infogram-async"");</script><div style=""padding:8px 0;font-family:Arial!important;font-size:13px!important;line-height:15px!important;text-align:center;border-top:1px solid #dadada;margin:0 30px""><a href=""https://infogram.com/45ee9e25-16a3-4f7a-b7c2-eff9cb454161"" style=""color:#989898!important;text-decoration:none!important;"" target=""_blank"">AuxílioEmergencial-BonsInvestimentos</a><br><a href=""https://infogram.com"" style=""color:#989898!important;text-decoration:none!important;"" target=""_blank"" rel=""nofollow"">Infogram</a></div>";"Cras tincidunt volutpat enim, quis ullamcorper metus consequat non. Praesent mi justo, viverra vitae eros in, rutrum feugiat neque. Pellentesque {variável 1} morbi tristique senectus et netus et malesuada fames ac turpis egestas. Morbi vulputate nulla tempus quam maximus, ac tincidunt mauris laoreet. Nam commodo tristique odio, {variável 2} rhoncus nunc scelerisque sit amet. Praesent hendrerit sem id ligula semper tincidunt. Donec quis scelerisque mi, a mattis lacus. Nunc id nibh eget elit volutpat semper eget ac elit. In pulvinar iaculis diam, nec finibus nisl vehicula non. Aliquam tellus lacus, blandit quis nunc at, imperdiet rhoncus **velit**.

- Item de lista
- Segundo item
- Terceiro item {variável 3}

Fonte: [anchor text](https://google.com.br/)
";DF;Brasília;62,50%
Mais um texto;Uma curta visão de como vai ser o texto;tags, tags texto;https://bonsinvestimentos.com.br/diminuicao-auxilio-emergencial/#infografico-interativo;"<div class=""infogram-embed"" data-id=""_/0qMwfo0bxeEEhQpdFsXP"" data-type=""interactive"" data-title=""AuxílioEmergencial-BonsInvestimentos""></div><script>!function(e,i,n,s){var t=""InfogramEmbeds"",d=e.getElementsByTagName(""script"")[0];if(window[t]&&window[t].initialized)window[t].process&&window[t].process();else if(!e.getElementById(n)){var o=e.createElement(""script"");o.async=1,o.id=n,o.src=""https://e.infogram.com/js/dist/embed-loader-min.js"",d.parentNode.insertBefore(o,d)}}(document,0,""infogram-async"");</script><div style=""padding:8px 0;font-family:Arial!important;font-size:13px!important;line-height:15px!important;text-align:center;border-top:1px solid #dadada;margin:0 30px""><a href=""https://infogram.com/45ee9e25-16a3-4f7a-b7c2-eff9cb454161"" style=""color:#989898!important;text-decoration:none!important;"" target=""_blank"">AuxílioEmergencial-BonsInvestimentos</a><br><a href=""https://infogram.com"" style=""color:#989898!important;text-decoration:none!important;"" target=""_blank"" rel=""nofollow"">Infogram</a></div>";"Cras tincidunt volutpat enim, quis ullamcorper metus consequat non. Praesent mi justo, viverra vitae eros in, rutrum feugiat neque. Pellentesque {variável 1} morbi tristique senectus et netus et malesuada fames ac turpis egestas. Morbi vulputate nulla tempus quam maximus, ac tincidunt mauris laoreet. Nam commodo tristique odio, {variável 2} rhoncus nunc scelerisque sit amet. Praesent hendrerit sem id ligula semper tincidunt. Donec quis scelerisque mi, a mattis lacus. Nunc id nibh eget elit volutpat semper eget ac elit. In pulvinar iaculis diam, nec finibus nisl vehicula non. Aliquam tellus lacus, blandit quis nunc at, imperdiet rhoncus **velit**.

- Item de lista
- Segundo item
- Terceiro item {variável 3}

Fonte: [anchor text](https://google.com.br/)
";DF;Brasília;62,50%
